﻿{"cameraMode":{"drawMode":0,"name":"Shaded","section":"Shading Mode"},"sceneLighting":true,"audioPlay":false,"sceneViewState":{"showFog":true,"showMaterialUpdate":false,"showSkybox":true,"showFlares":true,"showImageEffects":true,"showParticleSystems":true},"in2DMode":false,"pivot":{"x":308.7577209472656,"y":0.6327131390571594,"z":461.1022033691406},"rotation":{"x":-0.0012192417634651065,"y":0.9945553541183472,"z":-0.1036156415939331,"w":-0.01163345854729414},"size":23.096330642700197,"orthographic":false}